{"1.3333333333333333": 0, "0.5": 1, "1.0": 2, "2.0": 3, "0.0": 4, "0.75": 5, "4.0": 6, "8.0": 7, "0.25": 8, "2.5": 9, "1.5": 10, "0.3333333333333333": 11, "0.6666666666666666": 12, "4.333333333333333": 13, "3.3333333333333335": 14, "3.5": 15, "1.6666666666666667": 16, "3.6666666666666665": 17, "1.25": 18, "1.75": 19, "3.75": 20, "3.25": 21, "3.0": 22, "4.5": 23, "7.0": 24, "7.333333333333333": 25, "5.5": 26, "5.0": 27, "6.5": 28, "7.75": 29, "8.75": 30, "6.0": 31, "4.75": 32, "6.333333333333333": 33, "5.75": 34, "9.0": 35, "5.333333333333333": 36, "2.3333333333333335": 37, "11.25": 38, "2.75": 39, "6.25": 40, "6.75": 41, "2.25": 42, "4.25": 43, "7.25": 44, "11.75": 45, "6.666666666666667": 46, "7.5": 47, "9.666666666666666": 48, "5.25": 49, "4.666666666666667": 50, "5.666666666666667": 51, "2.6666666666666665": 52, "16.0": 53, "12.0": 54, "10.0": 55, "15.5": 56, "7.666666666666667": 57, "10.5": 58, "15.0": 59, "8.5": 60, "9.25": 61, "14.75": 62, "14.0": 63, "13.75": 64, "18.75": 65, "24.0": 66, "32.0": 67}