{"0.5": 0, "0.25": 1, "1.0": 2, "2.0": 3, "2.25": 4, "0.0": 5, "4.0": 6, "1.5": 7, "2.5": 8, "0.3333333333333333": 9, "0.75": 10, "0.6666666666666666": 11, "4.333333333333333": 12, "3.3333333333333335": 13, "3.5": 14, "1.6666666666666667": 15, "3.6666666666666665": 16, "1.25": 17, "1.75": 18, "1.3333333333333333": 19, "3.75": 20, "8.0": 21, "3.25": 22, "2.3333333333333335": 23, "2.75": 24, "3.0": 25, "7.666666666666667": 26, "2.6666666666666665": 27, "6.0": 28, "5.333333333333333": 29, "5.666666666666667": 30, "5.25": 31, "5.0": 32, "5.75": 33, "10.0": 34, "6.25": 35, "6.5": 36, "7.5": 37, "7.0": 38, "7.333333333333333": 39, "5.5": 40, "4.5": 41, "14.75": 42, "7.75": 43, "4.25": 44, "4.75": 45, "6.75": 46, "6.666666666666667": 47, "9.25": 48, "14.0": 49, "13.75": 50, "18.75": 51, "4.666666666666667": 52, "24.0": 53, "32.0": 54, "6.333333333333333": 55, "15.5": 56, "12.0": 57, "16.0": 58, "7.25": 59, "15.0": 60, "8.5": 61, "8.75": 62, "9.0": 63, "11.25": 64, "11.75": 65, "9.666666666666666": 66, "10.5": 67}