{"0.5": 0, "0.25": 1, "1.0": 2, "2.0": 3, "2.25": 4, "0.0": 5, "1.5": 6, "2.5": 7, "0.3333333333333333": 8, "0.75": 9, "0.6666666666666666": 10, "3.3333333333333335": 11, "3.5": 12, "1.6666666666666667": 13, "3.6666666666666665": 14, "1.25": 15, "1.75": 16, "1.3333333333333333": 17, "3.75": 18, "3.25": 19, "2.3333333333333335": 20, "2.75": 21, "3.0": 22, "2.6666666666666665": 23}