{"0.25": 0, "1.0": 1, "0.75": 2, "0.5": 3, "1.5": 4, "2.0": 5, "3.0": 6, "4.0": 7, "2.5": 8, "8.0": 9, "12.0": 10, "1.75": 11, "0.3333333333333333": 12, "1.3333333333333333": 13, "0.0": 14, "1.25": 15, "0.6666666666666666": 16, "3.75": 17, "3.5": 18, "6.5": 19, "4.5": 20, "7.0": 21, "6.0": 22, "11.0": 23, "2.25": 24, "5.5": 25}