{"2.75": 0, "0.75": 1, "8.75": 2, "6.75": 3, "1.0": 4, "0.5": 5, "2.0": 6, "4.5": 7, "1.5": 8, "2.5": 9, "3.0": 10, "3.5": 11, "0.25": 12, "6.0": 13, "4.0": 14, "5.5": 15, "1.25": 16, "1.75": 17, "8.0": 18, "5.75": 19, "7.75": 20, "6.25": 21, "3.75": 22, "0.6666666666666666": 23, "2.25": 24, "0.0": 25, "1.3333333333333333": 26}